Unnamed: 0,Driver name,Nationality,Seasons competed,Drivers' Championships,Race entries,Race starts,Pole positions,Race wins,Podiums,Fastest laps,Points[a]
0,Carlo Abate,Italy,1962–1963,0,3,0,0,0,0,0,0
1,George Abecassis,United Kingdom,1951–1952,0,2,2,0,0,0,0,0
2,Kenny Acheson,United Kingdom,"1983, 1985",0,10,3,0,0,0,0,0
3,Andrea de Adamich,Italy,"1968, 1970–1973",0,36,30,0,0,0,0,6
4,Philippe Adams,Belgium,1994,0,2,2,0,0,0,0,0
5,Walt Ader,United States,1950,0,1[b],1,0,0,0,0,0
6,Kurt Adolff,West Germany,1953,0,1,1,0,0,0,0,0
7,Fred Agabashian,United States,1950–1957,0,9[b],8,1,0,0,0,1.5
8,Kurt Ahrens Jr.,West Germany,1966–1969,0,4,4,0,0,0,0,0
9,Jack Aitken,United Kingdom,2020,0,1,1,0,0,0,0,0
10,Christijan Albers,Netherlands,2005–2007,0,46,46,0,0,0,0,4
11,Alexander Albon*,Thailand,"2019–2020, 2022–2026",0,142,139,0,0,2,1,318
12,Michele Alboreto,Italy,1981–1994,0,215,194,2,5,23,5,186.5
13,Jean Alesi,France,1989–2001,0,202,201,2,1,32,4,241
14,Jaime Alguersuari,Spain,2009–2011,0,46,46,0,0,0,0,31
15,Ray Allen,United Kingdom,1972,0,1,0,0,0,0,0,0
16,Philippe Alliot,France,"1984–1990, 1993–1994",0,116,109,0,0,0,0,7
17,Cliff Allison,United Kingdom,1958–1961,0,18,16,0,0,1,0,11
18,Fernando Alonso~,Spain,"2001, 2003–2018, 2021–2026","2
2005–2006",440,437,22,32,106,26,2396
19,Giovanna Amati,Italy,1992,0,3,0,0,0,0,0,0
20,George Amick,United States,1958,0,2[b],1,0,0,1,0,6
21,Red Amick,United States,1959–1960,0,2[b],2,0,0,0,0,0
22,Chris Amon,New Zealand,1963–1976,0,108,96,5,0,11,3,83
23,Bob Anderson,United Kingdom,1963–1967,0,29,25,0,0,1,0,8
24,Conny Andersson,Sweden,1976–1977,0,5,1,0,0,0,0,0
25,Emil Andres,United States,1950,0,1[b],0,0,0,0,0,0
26,Mario Andretti^,United States,"1968–1972, 1974–1982","1
1978",131,128,18,12,19,10,180
27,Michael Andretti,United States,1993,0,13,13,0,0,1,0,7
28,Keith Andrews,United States,1955–1956,0,3[b],2,0,0,0,0,0
29,Elio de Angelis,Italy,1979–1986,0,109,108,3,2,9,0,122
30,Kimi Antonelli*,Italy,2025–2026,0,36,36,6,6,13,9,392
31,Marco Apicella,Italy,1993,0,1,1,0,0,0,0,0
32,Mário de Araújo Cabral,Portugal,"1959–1960, 1963–1964",0,5,4,0,0,0,0,0
33,Frank Armi,United States,1954,0,3[b],1,0,0,0,0,0
34,Chuck Arnold,United States,1959,0,2[b],1,0,0,0,0,0
35,René Arnoux,France,1978–1989,0,164,149,18,7,22,12,181
36,Peter Arundell,United Kingdom,"1963–1964, 1966",0,13,11,0,0,2,0,12
37,Alberto Ascari^,Italy,1950–1955,"2
1952–1953",33,32,14,13,17[c],12,107.64 (140.14)[d]
38,Peter Ashdown,United Kingdom,1959,0,1,1,0,0,0,0,0
39,Ian Ashley,United Kingdom,1974–1977,0,11,4,0,0,0,0,0
40,Gerry Ashmore,United Kingdom,1961–1962,0,4,3,0,0,0,0,0
41,Bill Aston,United Kingdom,1952,0,3,1,0,0,0,0,0
42,Richard Attwood,United Kingdom,"1964–1965, 1967–1969",0,17,17,0,0,1,1,11
43,Manny Ayulo,United States,1951–1954,0,6[b],4,0,0,1[e],0,2
44,Luca Badoer,Italy,"1993, 1995–1996, 1999, 2009",0,58,50,0,0,0,0,0
45,Giancarlo Baghetti,Italy,1961–1967,0,21,21,0,1,1,1,14
46,Julian Bailey,United Kingdom,"1988, 1991",0,20,7,0,0,0,0,1
47,Mauro Baldi,Italy,1982–1985,0,41,36,0,0,0,0,5
48,Bobby Ball,United States,1951–1952,0,2[b],2,0,0,0,0,2
49,Marcel Balsa,France,1952,0,1,1,0,0,0,0,0
50,Lorenzo Bandini,Italy,1961–1967,0,42,42,1,1,8,2,58
51,Henry Banks,United States,1950–1952,0,5[b],3,0,0,0,0,0
52,Fabrizio Barbazza,Italy,"1991, 1993",0,20,8,0,0,0,0,2
53,John Barber,United Kingdom,1953,0,1,1,0,0,0,0,0
54,Skip Barber,United States,1971–1972,0,6,5,0,0,0,0,0
55,Paolo Barilla,Italy,1989–1990,0,15,9,0,0,0,0,0
56,Rubens Barrichello,Brazil,1993–2011,0,326,322,14,11,68,17,658
57,Michael Bartels,Germany,1991,0,4,0,0,0,0,0,0
58,Edgar Barth,"East Germany, West Germany[f]","1953, 1957–1958, 1960, 1961, 1964",0,7,5,0,0,0,0,0
59,Giorgio Bassi,Italy,1965,0,1,1,0,0,0,0,0
60,Erwin Bauer,West Germany,1953,0,1,1,0,0,0,0,0
61,Zsolt Baumgartner,Hungary,2003–2004,0,20,20,0,0,0,0,1
62,Élie Bayol,France,1952–1956,0,8,7,0,0,0,0,2
63,Oliver Bearman*,United Kingdom,2024–2026,0,39,39,0,0,0,0,66
64,Don Beauman,United Kingdom,1954,0,1,1,0,0,0,0,0
65,Karl-Günther Bechem[g],West Germany,1952–1953,0,2,2,0,0,0,0,0
66,Jean Behra,France,1952–1959,0,53,52,0,0,9[h],1,51.14[d]
67,Derek Bell,United Kingdom,"1968–1972, 1974",0,16,9,0,0,0,0,1
68,Stefan Bellof,West Germany,1984–1985,0,22,20,0,0,0,0,4
69,Paul Belmondo,France,"1992, 1994",0,27,7,0,0,0,0,0
70,Tom Belsø,Denmark,1973–1974,0,5,2,0,0,0,0,0
71,Jean-Pierre Beltoise,France,1967–1974,0,88,86,0,1,8,4,77
72,Olivier Beretta,Monaco,1994,0,10,9,0,0,0,0,0
73,Allen Berg,Canada,1986,0,9,9,0,0,0,0,0
74,Georges Berger,Belgium,1953–1954,0,2,2,0,0,0,0,0
75,Gerhard Berger,Austria,1984–1997,0,210,210,12,10,48,21,385
76,Éric Bernard,France,"1989–1991, 1994",0,47,45,0,0,1,0,10
77,Enrique Bernoldi,Brazil,2001–2002,0,29,28,0,0,0,0,0
78,Enrico Bertaggia,Italy,1989,0,6,0,0,0,0,0,0
79,Tony Bettenhausen,United States,1950–1960,0,11[b],11,0,0,1[i],1,11
80,Mike Beuttler,United Kingdom,1971–1973,0,29,28,0,0,0,0,0
81,Birabongse Bhanudej,Thailand,1950–1954,0,19,19,0,0,0,0,8
82,Jules Bianchi,France,2013–2014,0,34,34,0,0,0,0,2
83,Lucien Bianchi,Belgium,"1959–1963, 1965, 1968",0,19,17,0,0,1,0,6
84,Gino Bianco,Brazil,1952,0,4,4,0,0,0,0,0
85,Hans Binder,Austria,1976–1978,0,15,13,0,0,0,0,0
86,Clemente Biondetti,Italy,1950,0,1,1,0,0,0,0,0
87,Pablo Birger,Argentina,"1953, 1955",0,2,2,0,0,0,0,0
88,Art Bisch,United States,1958,0,1[b],1,0,0,0,0,0
89,Harry Blanchard,United States,1959,0,1,1,0,0,0,0,0
90,Michael Bleekemolen,Netherlands,1977–1978,0,5,1,0,0,0,0,0
91,Alex Blignaut,South Africa,1965,0,1,0,0,0,0,0,0
92,Trevor Blokdyk,South Africa,"1963, 1965",0,2,1,0,0,0,0,0
93,Mark Blundell,United Kingdom,"1991, 1993–1995",0,63,61,0,0,3,0,32
94,Raul Boesel,Brazil,1982–1983,0,30,23,0,0,0,0,0
95,Menato Boffa,Italy,1961,0,1,0,0,0,0,0,0
96,Bob Bondurant,United States,1965–1966,0,9,9,0,0,0,0,3
97,Felice Bonetto,Italy,1950–1953,0,16,15,0,0,2[j],0,17.5
98,Jo Bonnier,Sweden,1956–1971,0,108,104,1,1,1,0,39
99,Roberto Bonomi,Argentina,1960,0,1,1,0,0,0,0,0
100,Juan Manuel Bordeu,Argentina,1961,0,1,0,0,0,0,0,0
101,Slim Borgudd,Sweden,1981–1982,0,15,10,0,0,0,0,1
102,Gabriel Bortoleto*,Brazil,2025–2026,0,36,35,0,0,0,0,29
103,Luki Botha,South Africa,1967,0,1,1,0,0,0,0,0
104,Valtteri Bottas*,Finland,"2013–2024, 2026",0,259,258,20,10,67,19,1797
105,Jean-Christophe Boullion,France,1995,0,11,11,0,0,0,0,3
106,Sébastien Bourdais,France,2008–2009,0,27,27,0,0,0,0,6
107,Thierry Boutsen,Belgium,1983–1993,0,164,163,1,3,15,1,132
108,Johnny Boyd,United States,1955–1960,0,6[b],6,0,0,1,0,4
109,David Brabham,Australia,"1990, 1994",0,30,24,0,0,0,0,0
110,Gary Brabham,Australia,1990,0,2,0,0,0,0,0,0
111,Jack Brabham^,Australia,1955–1970,"3
1959–1960, 1966",128,126,13,14,31,12,253 (261)
112,Bill Brack,Canada,"1968–1969, 1972",0,3,3,0,0,0,0,0
113,Ernesto Brambilla,Italy,"1963, 1969",0,2,0,0,0,0,0,0
114,Vittorio Brambilla,Italy,1974–1980,0,79,74,1,1,1,1,15.5
115,Toni Branca,Switzerland,1950–1951,0,3,3,0,0,0,0,0
116,Gianfranco Brancatelli,Italy,1979,0,3,0,0,0,0,0,0
117,Eric Brandon,United Kingdom,"1952, 1954",0,5,5,0,0,0,0,0
118,Don Branson,United States,1959–1960,0,2[b],2,0,0,0,0,3
119,Tom Bridger,United Kingdom,1958,0,1,1,0,0,0,0,0
120,Tony Brise,United Kingdom,1975,0,10,10,0,0,0,0,1
121,Chris Bristow,United Kingdom,1959–1960,0,4,4,0,0,0,0,0
122,Peter Broeker,Canada,1963,0,1,1,0,0,0,0,0
123,Tony Brooks,United Kingdom,1956–1961,0,39,38,3,6[k],10,3,75
124,Alan Brown,United Kingdom,1952–1954,0,9,8,0,0,0,0,2
125,Walt Brown,United States,1950–1951,0,2[b],2,0,0,0,0,0
126,Warwick Brown,Australia,1976,0,1,1,0,0,0,0,0
127,Adolf Brudes,West Germany,1952,0,1,1,0,0,0,0,0
128,Martin Brundle,United Kingdom,"1984–1989, 1991–1996",0,165,158,0,0,9,0,98
129,Gianmaria Bruni,Italy,2004,0,18,18,0,0,0,0,0
130,Jimmy Bryan,United States,1952–1960,0,10[b],9,0,1,3,0,18
131,Clemar Bucci,Argentina,1954–1955,0,5,5,0,0,0,0,0
132,Ronnie Bucknum,United States,1964–1966,0,11,11,0,0,0,0,2
133,Ivor Bueb,United Kingdom,1957–1959,0,6,5,0,0,0,0,0
134,Sébastien Buemi,Switzerland,2009–2011,0,55,55,0,0,0,0,29
135,Luiz Bueno,Brazil,1973,0,1,1,0,0,0,0,0
136,Ian Burgess,United Kingdom,1958–1963,0,20,16,0,0,0,0,0
137,Luciano Burti,Brazil,2000–2001,0,15,14,0,0,0,0,0
138,Roberto Bussinello,Italy,"1961, 1965",0,3,2,0,0,0,0,0
139,Jenson Button^,United Kingdom,2000–2017,"1
2009",309,306,8,15,50,8,1235
140,Tommy Byrne,Ireland,1982,0,5,2,0,0,0,0,0
141,Giulio Cabianca,Italy,1958–1960,0,4,3,0,0,0,0,3
142,Phil Cade,United States,1959,0,1,0,0,0,0,0,0
143,Alex Caffi,Italy,1986–1991,0,75,56,0,0,0,0,6
144,John Campbell-Jones,United Kingdom,1962–1963,0,2,2,0,0,0,0,0
145,Adrián Campos,Spain,1987–1988,0,21,17,0,0,0,0,0
146,John Cannon,Canada,1971,0,1,1,0,0,0,0,0
147,Eitel Cantoni,Uruguay,1952,0,3,3,0,0,0,0,0
148,Bill Cantrell,United States,1950,0,2[b],1,0,0,0,0,0
149,Ivan Capelli,Italy,1985–1993,0,98,93,0,0,3,0,31
150,Piero Carini,Italy,1952–1953,0,3,3,0,0,0,0,0
151,Duane Carter,United States,"1950–1955, 1959–1960",0,8[b],8,0,0,1[l],0,6.5
152,Eugenio Castellotti,Italy,1955–1957,0,14,14,1,0,3,0,19.5
153,Johnny Cecotto,Venezuela,1983–1984,0,23,18,0,0,0,0,1
154,Andrea de Cesaris,Italy,1980–1994,0,214,208,1,0,5,1,59
155,François Cevert,France,1970–1973,0,48,47,0,1,13,2,89
156,Eugène Chaboud,France,1950–1951,0,3,2,0,0,0,0,1
157,Jay Chamberlain,United States,1962,0,3,1,0,0,0,0,0
158,Karun Chandhok,India,2010–2011,0,11,11,0,0,0,0,0
159,Alain de Changy,Belgium,1959,0,1,0,0,0,0,0,0
160,Colin Chapman,United Kingdom,1956,0,1,0,0,0,0,0,0
161,Dave Charlton,South Africa,"1965, 1967–1968, 1970–1975",0,14,11,0,0,0,0,0
162,Pedro Chaves,Portugal,1991,0,13,0,0,0,0,0,0
163,Bill Cheesbourg,United States,1957–1959,0,4[b],3,0,0,0,0,0
164,Eddie Cheever,United States,"1978, 1980–1989",0,143,132,0,0,9,0,70
165,Andrea Chiesa,Switzerland,1992,0,10,3,0,0,0,0,0
166,Max Chilton,United Kingdom,2013–2014,0,35,35,0,0,0,0,0
167,Ettore Chimeri,Venezuela,1960,0,1,1,0,0,0,0,0
168,Louis Chiron,Monaco,"1950–1951, 1953, 1955–1956, 1958",0,19,15,0,0,1,0,4
169,Joie Chitwood,United States,1950,0,1[b],1,0,0,0,0,1
170,Bob Christie,United States,1956–1960,0,7[b],5,0,0,0,0,0
171,Johnny Claes,Belgium,"1950–1953, 1955",0,25,23,0,0,0,0,0
172,David Clapham,South Africa,1965,0,1,0,0,0,0,0,0
173,Jim Clark^,United Kingdom,1960–1968,"2
1963, 1965",73,72,33,25,32,28,255 (274)
174,Kevin Cogan,United States,1980–1981,0,2,0,0,0,0,0,0
175,Franco Colapinto*,Argentina,2024–2026,0,39,38,0,0,0,0,24
176,Peter Collins,United Kingdom,1952–1958,0,35,32,0,3,9[m],0,47
177,Bernard Collomb,France,1961–1964,0,6,4,0,0,0,0,0
178,Alberto Colombo,Italy,1978,0,3,0,0,0,0,0,0
179,Érik Comas,France,1991–1994,0,63,59,0,0,0,0,7
180,Franco Comotti,Italy,"1950, 1952",0,2,2,0,0,0,0,0
181,George Connor,United States,1950–1952,0,4[b],3,0,0,0,0,0
182,George Constantine,United States,1959,0,1,1,0,0,0,0,0
183,John Cordts,Canada,1969,0,1,1,0,0,0,0,0
184,David Coulthard,United Kingdom,1994–2008,0,247,246,12,13,62,18,535
185,Piers Courage,United Kingdom,1967–1970,0,29,28,0,0,2,0,20
186,Chris Craft,United Kingdom,1971,0,2,1,0,0,0,0,0
187,Jim Crawford,United Kingdom,1975,0,2,2,0,0,0,0,0
188,Ray Crawford,United States,"1955–1956, 1959",0,5[b],3,0,0,0,0,0
189,Alberto Crespo,Argentina,1952,0,1,0,0,0,0,0,0
190,Antonio Creus,Spain,1960,0,1,1,0,0,0,0,0
191,Larry Crockett,United States,1954,0,1[b],1,0,0,0,0,0
192,Tony Crook,United Kingdom,1952–1953,0,2,2,0,0,0,0,0
193,Art Cross,United States,1952–1955,0,4[b],4,0,0,1,0,8
194,Geoffrey Crossley,United Kingdom,1950,0,2,2,0,0,0,0,0
195,Jérôme d'Ambrosio,Belgium,2011–2012,0,20,20,0,0,0,0,0
196,Fritz d'Orey,Brazil,1959,0,3,3,0,0,0,0,0
197,Chuck Daigh,United States,1960,0,6,3,0,0,0,0,0
198,Yannick Dalmas,France,"1987–1990, 1994",0,49,24,0,0,0,0,0
199,Derek Daly,Ireland,1978–1982,0,64,49,0,0,0,0,15
200,Christian Danner,West Germany,"1985–1987, 1989",0,47,36,0,0,0,0,4
201,Jorge Daponte,Argentina,1954,0,3,2,0,0,0,0,0
202,Anthony Davidson,United Kingdom,"2002, 2005, 2007–2008",0,24,24,0,0,0,0,0
203,Jimmy Davies,United States,"1950–1951, 1953–1955",0,8[b],5,0,0,1,0,4
204,Colin Davis,United Kingdom,1959,0,2,2,0,0,0,0,0
205,Jimmy Daywalt,United States,"1953–1957, 1959",0,10[b],6,0,0,0,0,0
206,Jean-Denis Delétraz,Switzerland,1994–1995,0,3,3,0,0,0,0,0
207,Patrick Depailler,France,"1972, 1974–1980",0,95,95,1,2,19,4,139 (141)
208,Pedro Diniz,Brazil,1995–2000,0,99,98,0,0,0,0,10
209,Duke Dinsmore,United States,"1950–1951, 1953, 1956",0,6[b],3,0,0,0,0,0
210,Frank Dochnal,United States,1963,0,1,0,0,0,0,0,0
211,José Dolhem,France,1974,0,3,1,0,0,0,0,0
212,Martin Donnelly,United Kingdom,1989–1990,0,15,13,0,0,0,0,0
213,Mark Donohue,United States,"1971, 1974–1975",0,16,14,0,0,1,0,8
214,Jack Doohan,Australia,2024–2025,0,7,7,0,0,0,0,0
215,Robert Doornbos,"Monaco
 Netherlands",2005–2006,0,11,11,0,0,0,0,0
216,Ken Downing,United Kingdom,1952,0,2,2,0,0,0,0,0
217,Bob Drake,United States,1960,0,1,1,0,0,0,0,0
218,Paddy Driver,South Africa,"1963, 1974",0,2,1,0,0,0,0,0
219,Piero Drogo,Italy,1960,0,1,1,0,0,0,0,0
220,Bernard de Dryver,Belgium,1977–1978,0,2,0,0,0,0,0,0
221,Johnny Dumfries,United Kingdom,1986,0,16,15,0,0,0,0,3
222,Len Duncan,United States,1954,0,4[b],1,0,0,0,0,0
223,Piero Dusio,Italy,1952,0,1,0,0,0,0,0,0
224,George Eaton,Canada,1969–1971,0,13,11,0,0,0,0,0
225,Bernie Ecclestone,United Kingdom,1958,0,2,0,0,0,0,0,0
226,Don Edmunds,United States,1957,0,2[b],1,0,0,0,0,0
227,Guy Edwards,United Kingdom,"1974, 1976–1977",0,17,11,0,0,0,0,0
228,Vic Elford,United Kingdom,"1968–1969, 1971",0,13,13,0,0,0,0,8
229,Ed Elisian,United States,1954–1958,0,5[b],5,0,0,0,0,0
230,Paul Emery,United Kingdom,"1956, 1958",0,2,1,0,0,0,0,0
231,Tomáš Enge,Czech Republic,2001,0,3,3,0,0,0,0,0
232,Paul England,Australia,1957,0,1,1,0,0,0,0,0
233,Marcus Ericsson,Sweden,2014–2018,0,97,97,0,0,0,0,18
234,Harald Ertl,Austria,"1975–1978, 1980",0,28,19,0,0,0,0,0
235,Nasif Estéfano,Argentina,"1960, 1962",0,2,1,0,0,0,0,0
236,Philippe Étancelin,France,1950–1952,0,12,12,0,0,0,0,3
237,Bob Evans,United Kingdom,1975–1976,0,12,10,0,0,0,0,0
238,Corrado Fabi,Italy,1983–1984,0,18,12,0,0,0,0,0
239,Teo Fabi,Italy,"1982, 1984–1987",0,71,64,3,0,2,2,23
240,Pascal Fabre,France,1987,0,14,11,0,0,0,0,0
241,Carlo Facetti,Italy,1974,0,1,0,0,0,0,0,0
242,Luigi Fagioli,Italy,1950–1951,0,7,7,0,1[n],6,0,28 (32)
243,Jack Fairman,United Kingdom,"1953, 1955–1961",0,13,12,0,0,0,0,5
244,Juan Manuel Fangio^,Argentina,"1950–1951, 1953–1958","5
1951, 1954–1957",52,51,29,24[o],35[p],23,245 (277.64)[d]
245,Nino Farina^,Italy,1950–1955,"1
1950",34,33,5,5,20[q],5,115.33 (127.33)
246,Walt Faulkner,United States,"1950–1951, 1953–1955",0,6[b],5,1,0,0,0,1
247,William Ferguson,South Africa,1972,0,1,0,0,0,0,0,0
248,Maria Teresa de Filippis,Italy,1958–1959,0,5,3,0,0,0,0,0
249,Ralph Firman,Ireland,2003,0,15,14,0,0,0,0,1
250,Ludwig Fischer,West Germany,1952,0,1,0,0,0,0,0,0
251,Rudi Fischer,Switzerland,1951–1952,0,8,7,0,0,2,0,10
252,Mike Fisher,United States,1967,0,2,1,0,0,0,0,0
253,Giancarlo Fisichella,Italy,1996–2009,0,231,229,4,3,19,2,275
254,John Fitch,United States,"1953, 1955",0,2,2,0,0,0,0,0
255,Christian Fittipaldi,Brazil,1992–1994,0,43,40,0,0,0,0,12
256,Emerson Fittipaldi^,Brazil,1970–1980,"2
1972, 1974",149,144,6,14,35,6,281
257,Pietro Fittipaldi,Brazil,2020,0,2,2,0,0,0,0,0
258,Wilson Fittipaldi,Brazil,"1972–1973, 1975",0,38,35,0,0,0,0,3
259,Theo Fitzau,East Germany,1953,0,1,1,0,0,0,0,0
260,Pat Flaherty,United States,"1950, 1953–1956, 1959",0,6[b],6,1,1,1,0,8
261,Jan Flinterman,Netherlands,1952,0,1,1,0,0,0,0,0
262,Ron Flockhart,United Kingdom,"1954, 1956–1960",0,14,12,0,0,1,0,5
263,Myron Fohr,United States,1950,0,1[b],1,0,0,0,0,0
264,Gregor Foitek,Switzerland,1989–1990,0,22,7,0,0,0,0,0
265,George Follmer,United States,1973,0,13,12,0,0,1,0,5
266,George Fonder,United States,"1952, 1954",0,5[b],2,0,0,0,0,0
267,Norberto Fontana,Argentina,1997,0,4,4,0,0,0,0,0
268,Asdrúbal Fontes Bayardo,Uruguay,1959,0,1,0,0,0,0,0,0
269,Carl Forberg,United States,1951,0,3[b],1,0,0,0,0,0
270,Gene Force,United States,"1951, 1960",0,5[b],2,0,0,0,0,0
271,Franco Forini,Switzerland,1987,0,3,2,0,0,0,0,0
272,Philip Fotheringham-Parker,United Kingdom,1951,0,1,1,0,0,0,0,0
273,A. J. Foyt,United States,1958–1960,0,3[b],3,0,0,0,0,0
274,Giorgio Francia,Italy,"1977, 1981",0,2,0,0,0,0,0,0
275,Fred Wacker,United States,1953–1954,0,5,3,0,0,0,0,0
276,Don Freeland,United States,1953–1960,0,8[b],8,0,0,1,0,4
277,Heinz-Harald Frentzen,Germany,1994–2003,0,160,156,2,3,18,6,174
278,Paul Frère,Belgium,1952–1956,0,11,10,0,0,1,0,11
279,Patrick Friesacher,Austria,2005,0,11,11,0,0,0,0,3
280,Joe Fry,United Kingdom,1950,0,1,1,0,0,0,0,0
281,Hiroshi Fushida,Japan,1975,0,2,0,0,0,0,0,0
282,Beppe Gabbiani,Italy,"1978, 1981",0,17,3,0,0,0,0,0
283,Bertrand Gachot,"Belgium
 France","1989–1992, 1994–1995",0,84,47,0,0,0,1,5
284,Patrick Gaillard,France,1979,0,5,2,0,0,0,0,0
285,Divina Galica,United Kingdom,"1976, 1978",0,3,0,0,0,0,0,0
286,Nanni Galli,Italy,1970–1973,0,20,17,0,0,0,0,0
287,Oscar Alfredo Gálvez,Argentina,1953,0,1,1,0,0,0,0,2
288,Fred Gamble,United States,1960,0,1,1,0,0,0,0,0
289,Howden Ganley,New Zealand,1971–1974,0,41,35,0,0,0,0,10
290,Giedo van der Garde,Netherlands,2013,0,19,19,0,0,0,0,0
291,Frank Gardner,Australia,"1964–1965, 1968",0,9,8,0,0,0,0,0
292,Billy Garrett,United States,"1956, 1958",0,3[b],2,0,0,0,0,0
293,Jo Gartner,Austria,1984,0,8,8,0,0,0,0,0
294,Pierre Gasly*,France,2017–2026,0,190,189,0,1,6,3,502
295,Tony Gaze,Australia,1952,0,4,3,0,0,0,0,0
296,Geki,Italy,1964–1966,0,3,2,0,0,0,0,0
297,Olivier Gendebien,Belgium,"1956, 1958–1961",0,15,14,0,0,2,0,18
298,Marc Gené,Spain,"1999–2000, 2003–2004",0,36,36,0,0,0,0,5
299,Elmer George,United States,1957,0,3[b],1,0,0,0,0,0
300,Bob Gerard,United Kingdom,"1950–1951, 1953–1954, 1956–1957",0,8,8,0,0,0,0,0
301,Gerino Gerini,Italy,"1956, 1958",0,7,5,0,0,0,0,1.5
302,Peter Gethin,United Kingdom,1970–1974,0,31,30,0,1,1,0,11
303,Piercarlo Ghinzani,Italy,"1981, 1983–1989",0,111,74,0,0,0,0,2
304,Bruno Giacomelli,Italy,"1977–1983, 1990",0,82,69,1,0,1,0,14
305,Dick Gibson,United Kingdom,1957–1958,0,2,2,0,0,0,0,0
306,Gimax,Italy,1978,0,1,0,0,0,0,0,0
307,Richie Ginther,United States,1960–1967,0,54,52,0,1,14,3,102 (107)
308,Antonio Giovinazzi,Italy,"2017, 2019–2021",0,62,62,0,0,0,0,21
309,Yves Giraud-Cabantous,France,1950–1953,0,13,13,0,0,0,0,5
310,Ignazio Giunti,Italy,1970,0,4,4,0,0,0,0,3
311,Timo Glock,Germany,"2004, 2008–2012",0,95,91,0,0,3,1,51
312,Helm Glöckler,West Germany,1953,0,1,0,0,0,0,0,0
313,Paco Godia,Spain,"1951, 1954, 1956–1958",0,14,13,0,0,0,0,6
314,Carel Godin de Beaufort,Netherlands,1957–1964,0,31,28,0,0,0,0,4
315,Christian Goethals,Belgium,1958,0,1,1,0,0,0,0,0
316,Paul Goldsmith,United States,1958–1960,0,3[b],3,0,0,1,0,6
317,José Froilán González,Argentina,"1950–1957, 1960",0,26,26,3,2,15[r],6,72.14 (77.64)[d]
318,Óscar González,Uruguay,1956,0,1,1,0,0,0,0,0
319,Aldo Gordini,France,1951,0,1,1,0,0,0,0,0
320,Horace Gould,United Kingdom,"1954–1958, 1960",0,18,14,0,0,0,0,2
321,Jean-Marc Gounon,France,1993–1994,0,9,9,0,0,0,0,0
322,Emmanuel de Graffenried,Switzerland,"1950–1954, 1956",0,23,22,0,0,0,0,9
323,Lucas di Grassi,Brazil,2010,0,19,18,0,0,0,0,0
324,Cecil Green,United States,1950–1951,0,2[b],2,0,0,0,0,3
325,Keith Greene,United Kingdom,1959–1962,0,6,3,0,0,0,0,0
326,Masten Gregory,United States,"1957–1963, 1965",0,43,38,0,0,3,0,21
327,Cliff Griffith,United States,"1951–1952, 1956",0,7[b],3,0,0,0,0,0
328,Georges Grignard,France,1951,0,1,1,0,0,0,0,0
329,Bobby Grim,United States,1959–1960,0,2[b],2,0,0,0,0,0
330,Romain Grosjean,France,"2009, 2012–2020",0,181,179,0,0,10,1,391
331,Olivier Grouillard,France,1989–1992,0,62,41,0,0,0,0,1
332,Brian Gubby,United Kingdom,1965,0,1,0,0,0,0,0,0
333,André Guelfi,France,1958,0,1,1,0,0,0,0,0
334,Miguel Ángel Guerra,Argentina,1981,0,4,1,0,0,0,0,0
335,Roberto Guerrero,Colombia,1982–1983,0,29,21,0,0,0,0,0
336,Maurício Gugelmin,Brazil,1988–1992,0,80,74,0,0,1,1,10
337,Dan Gurney,United States,"1959–1968, 1970",0,87,86,3,4,19,6,133
338,Esteban Gutiérrez,Mexico,"2013–2014, 2016",0,59,59,0,0,0,1,6
339,Isack Hadjar*,France,2025–2026,0,35,34,0,0,1,0,119
340,Hubert Hahne,West Germany,"1967–1968, 1970",0,5,3,0,0,0,0,0
341,Mike Hailwood,United Kingdom,"1963–1965, 1971–1974",0,50,50,0,0,2,1,29
342,Mika Häkkinen^,Finland,1991–2001,"2
1998–1999",165,161,26,20,51,25,420
343,Bruce Halford,United Kingdom,"1956–1957, 1959–1960",0,9,8,0,0,0,0,0
344,Jim Hall,United States,1960–1963,0,12,11,0,0,0,0,3
345,Duncan Hamilton,United Kingdom,1951–1953,0,5,5,0,0,0,0,0
346,Lewis Hamilton~,United Kingdom,2007–2026,"7
2008, 2014–2015, 2017–2020",392,392,104,106,207,69,5201.5
347,David Hampshire,United Kingdom,1950,0,2,2,0,0,0,0,0
348,Sam Hanks,United States,1950–1957,0,8[b],8,0,1,4[s],0,20
349,Walt Hansgen,United States,"1961, 1964",0,2,2,0,0,0,0,2
350,Mike Harris,South Africa,1962,0,1,1,0,0,0,0,0
351,Cuth Harrison,United Kingdom,1950,0,3,3,0,0,0,0,0
352,Brian Hart,United Kingdom,1967,0,1,1,0,0,0,0,0
353,Brendon Hartley,New Zealand,2017–2018,0,25,25,0,0,0,0,4
354,Gene Hartley,United States,"1950, 1952–1960",0,10[b],8,0,0,0,0,0
355,Rio Haryanto,Indonesia,2016,0,12,12,0,0,0,0,0
356,Masahiro Hasemi,Japan,1976,0,1,1,0,0,0,0[t],0
357,Naoki Hattori,Japan,1991,0,2,0,0,0,0,0,0
358,Paul Hawkins,Australia,1965,0,3,3,0,0,0,0,0
359,Mike Hawthorn^,United Kingdom,1952–1958,"1
1958",47,45,4,3,18[u],6,112.64 (127.64)[d]
360,Boy Hayje,Netherlands,1976–1977,0,7,3,0,0,0,0,0
361,Willi Heeks,West Germany,1952–1953,0,2,2,0,0,0,0,0
362,Nick Heidfeld,Germany,2000–2011,0,185,183,1,0,13,2,259
363,Theo Helfrich,West Germany,1952–1954,0,3,3,0,0,0,0,0
364,Mack Hellings,United States,1950–1951,0,2[b],2,0,0,0,0,0
365,Brian Henton,United Kingdom,"1975, 1977, 1981–1982",0,37,19,0,0,0,1,0
366,Johnny Herbert,United Kingdom,1989–2000,0,165,160,0,3,7,0,98
367,Al Herman,United States,"1955–1957, 1959–1960",0,8[b],5,0,0,0,0,0
368,Hans Herrmann,West Germany,"1953–1955, 1957–1961",0,19,18,0,0,1,1,10
369,François Hesnault,France,1984–1985,0,21,19,0,0,0,0,0
370,Hans Heyer,West Germany,1977,0,1,1[v],0,0,0,0,0
371,Damon Hill^,United Kingdom,1992–1999,"1
1996",122,115,20,22,42,19,360
372,Graham Hill^,United Kingdom,1958–1975,"2
1962, 1968",179,176,13,14,36,10,270 (289)
373,Phil Hill^,United States,"1958–1964, 1966","1
1961",52,49,6,3,16,6,94 (98)
374,Peter Hirt,Switzerland,1951–1953,0,5,4,0,0,0,0,0
375,David Hobbs,United Kingdom,"1967–1968, 1971, 1974",0,7,7,0,0,0,0,0
376,Gary Hocking,Rhodesia and Nyasaland,1962,0,1,0,0,0,0,0,0
377,Ingo Hoffmann,Brazil,1976–1977,0,6,3,0,0,0,0,0
378,Bill Holland,United States,"1950, 1953",0,3[b],2,0,0,1,0,6
379,Jackie Holmes,United States,"1950, 1953",0,4[b],2,0,0,0,0,0
380,Bill Homeier,United States,"1954–1955, 1960",0,6[b],3,0,0,0,0,1
381,Kazuyoshi Hoshino,Japan,1976–1977,0,2,2,0,0,0,0,0
382,Jerry Hoyt,United States,"1950, 1953–1955",0,4[b],4,1,0,0,0,0
383,Nico Hülkenberg*,Germany,"2010, 2012–2020, 2022–2026",0,266,261,1,0,1,2,628
384,Denny Hulme^,New Zealand,1965–1974,"1
1967",112,112,1,8,33,9,248
385,James Hunt^,United Kingdom,1973–1979,"1
1976",93,92,14,10,23,8,179
386,Jim Hurtubise,United States,1960,0,1[b],1,0,0,0,0,0
387,Gus Hutchison,United States,1970,0,1,1,0,0,0,0,0
388,Jacky Ickx,Belgium,1967–1979,0,120,116,13,8,25,14,181
389,Yuji Ide,Japan,2006,0,4,4,0,0,0,0,0
390,Jesús Iglesias,Argentina,1955,0,1,1,0,0,0,0,0
391,Taki Inoue,Japan,1994–1995,0,18,18,0,0,0,0,0
392,Innes Ireland,United Kingdom,1959–1966,0,53,50,0,1,4,1,47
393,Eddie Irvine,United Kingdom,1993–2002,0,148,145,0,4,26,1,191
394,Chris Irwin,United Kingdom,1966–1967,0,10,10,0,0,0,0,2
395,Jean-Pierre Jabouille,France,"1974–1975, 1977–1981",0,55,49,6,2,2,0,21
396,Jimmy Jackson,United States,"1950, 1954",0,3[b],2,0,0,0,0,0
397,Joe James,United States,1951–1952,0,3[b],2,0,0,0,0,0
398,John James,United Kingdom,1951,0,1,1,0,0,0,0,0
399,Jean-Pierre Jarier,France,"1971, 1973–1983",0,143,135,3,0,3,3,31.5
400,Max Jean[w],France,1971,0,1,1,0,0,0,0,0
401,Stefan Johansson,Sweden,"1980, 1983–1991",0,103,79,0,0,12,0,88
402,Eddie Johnson,United States,1952–1960,0,9[b],9,0,0,0,0,1
403,Leslie Johnson,United Kingdom,1950,0,1,1,0,0,0,0,0
404,Bruce Johnstone,South Africa,1962,0,1,1,0,0,0,0,0
405,Alan Jones^,Australia,"1975–1981, 1983, 1985–1986","1
1980",117,116,6,12,24,13,199 (206)
406,Tom Jones,United States,1967,0,1,0,0,0,0,0,0
407,Juan Jover,Spain,1951,0,1,0,0,0,0,0,0
408,Oswald Karch,West Germany,1953,0,1,1,0,0,0,0,0
409,Narain Karthikeyan,India,"2005, 2011–2012",0,48,46,0,0,0,0,5
410,Ukyo Katayama,Japan,1992–1997,0,97,95,0,0,0,0,5
411,Ken Kavanagh,Australia,1958,0,2,0,0,0,0,0,0
412,Rupert Keegan,United Kingdom,"1977–1978, 1980, 1982",0,37,25,0,0,0,0,0
413,Eddie Keizan,South Africa,1973–1975,0,3,3,0,0,0,0,0
414,Al Keller,United States,1955–1959,0,6[b],5,0,0,0,0,0
415,Joe Kelly,Ireland,1950–1951,0,2,2,0,0,0,0,0
416,David Kennedy,Ireland,1980,0,7,0,0,0,0,0,0
417,Loris Kessel,Switzerland,1976–1977,0,6,3,0,0,0,0,0
418,Bruce Kessler,United States,1958,0,1,0,0,0,0,0,0
419,Nicolas Kiesa,Denmark,2003,0,5,5,0,0,0,0,0
420,Leo Kinnunen,Finland,1974,0,6,1,0,0,0,0,0
421,Danny Kladis,United States,1954,0,5[b],1,0,0,0,0,0
422,Hans Klenk,West Germany,1952,0,1,1,0,0,0,0,0
423,Peter de Klerk,South Africa,"1963, 1965, 1969–1970",0,4,4,0,0,0,0,0
424,Christian Klien,Austria,"2004–2006, 2010",0,51,49,0,0,0,0,14
425,Karl Kling,West Germany,1954–1955,0,11,11,0,0,2,1,17
426,Ernst Klodwig,East Germany,1952–1953,0,2,2,0,0,0,0,0
427,Kamui Kobayashi,Japan,"2009–2012, 2014",0,76,75,0,0,1,1,125
428,Helmut Koinigg,Austria,1974,0,3,2,0,0,0,0,0
429,Heikki Kovalainen,Finland,2007–2013,0,112,111,1,1,4,2,105
430,Mikko Kozarowitzky,Finland,1977,0,2,0,0,0,0,0,0
431,Willi Krakau,West Germany,1952,0,1,0,0,0,0,0,0
432,Rudolf Krause,East Germany,1952–1953,0,2,2,0,0,0,0,0
433,Robert Kubica,Poland,"2006–2010, 2019, 2021",0,99,99,1,1,12,1,274
434,Kurt Kuhnke,West Germany,1963,0,1,0,0,0,0,0,0
435,Masami Kuwashima,Japan,1976,0,1,0,0,0,0,0,0
436,Daniil Kvyat,Russia,"2014–2017, 2019–2020",0,112,110,0,0,3,1,202
437,Robert La Caze,Morocco[43],1958,0,1,1,0,0,0,0,0
438,Jacques Laffite,France,1974–1986,0,180,176,7,6,32,7[t],228
439,Franck Lagorce,France,1994,0,2,2,0,0,0,0,0
440,Jan Lammers,Netherlands,"1979–1982, 1992",0,41,23,0,0,0,0,0
441,Pedro Lamy,Portugal,1993–1996,0,32,32,0,0,0,0,1
442,Chico Landi,Brazil,"1951–1953, 1956",0,6,6,0,0,0,0,1.5
443,Hermann Lang,West Germany,1953–1954,0,2,2,0,0,0,0,2
444,Claudio Langes,Italy,1990,0,14,0,0,0,0,0,0
445,Nicola Larini,Italy,"1987–1992, 1994, 1997",0,75,49,0,0,1,0,7
446,Oscar Larrauri,Argentina,1988–1989,0,21,8,0,0,0,0,0
447,Gérard Larrousse,France,1974,0,2,1,0,0,0,0,0
448,Jud Larson,United States,1958–1959,0,5[b],2,0,0,0,0,0
449,Nicholas Latifi,Canada,2020–2022,0,61,61,0,0,0,0,9
450,Niki Lauda^,Austria,"1971–1979, 1982–1985","3
1975, 1977, 1984",177,171,24,25,54,24,420.5
451,Roger Laurent,Belgium,1952,0,2,2,0,0,0,0,0
452,Giovanni Lavaggi,Italy,1995–1996,0,10,7,0,0,0,0,0
453,Chris Lawrence,United Kingdom,1966,0,2,2,0,0,0,0,0
454,Liam Lawson*,New Zealand,2023–2026,0,47,47,0,0,0,0,93
455,Charles Leclerc*,Monaco,2018–2026,0,185,183,27,9,54,13,1827
456,Michel Leclère,France,1975–1976,0,8,7,0,0,0,0,0
457,Neville Lederle,South Africa,"1962, 1965",0,2,1,0,0,0,0,1
458,Geoff Lees,United Kingdom,"1978–1980, 1982",0,12,5,0,0,0,0,0
459,Arthur Legat,Belgium,1952–1953,0,2,2,0,0,0,0,0
460,JJ Lehto,Finland,1989–1994,0,70,62,0,0,1,0,10
461,Gijs van Lennep,Netherlands,"1971, 1973–1975",0,10,8,0,0,0,0,2
462,Lamberto Leoni,Italy,1977–1978,0,5,1,0,0,0,0,0
463,Les Leston,United Kingdom,1956–1957,0,3,2,0,0,0,0,0
464,Pierre Levegh,France,1950–1951,0,6,6,0,0,0,0,0
465,Bayliss Levrett,United States,1950,0,3[b],1,0,0,0,0,0
466,Stuart Lewis-Evans,United Kingdom,1957–1958,0,14,14,2,0,2,0,16
467,Jackie Lewis,United Kingdom,1961–1962,0,10,9,0,0,0,0,3
468,Guy Ligier,France,1966–1967,0,13,12,0,0,0,0,1
469,Arvid Lindblad*,United Kingdom,2026,0,12,11,0,0,0,0,23
470,Andy Linden,United States,1951–1957,0,8[b],7,0,0,0,0,5
471,Roberto Lippi,Italy,1961–1963,0,3,1,0,0,0,0,0
472,Vitantonio Liuzzi,Italy,"2005–2007, 2009–2011",0,81,80,0,0,0,0,26
473,Dries van der Lof,Netherlands,1952,0,1,1,0,0,0,0,0
474,Lella Lombardi,Italy,1974–1976,0,17,12,0,0,0,0,0.5[x]
475,Ricardo Londoño,Colombia,1981,0,1,0,0,0,0,0,0
476,Ernst Loof,West Germany,1953,0,1,1,0,0,0,0,0
477,André Lotterer,Germany,2014,0,1,1,0,0,0,0,0
478,Henri Louveau,France,1950–1951,0,2,2,0,0,0,0,0
479,John Love,Rhodesia,"1962–1965, 1967–1972",0,10,9,0,0,1,0,6
480,Pete Lovely,United States,"1959–1960, 1969–1971",0,11,7,0,0,0,0,0
481,Roger Loyer,France,1954,0,1,1,0,0,0,0,0
482,Jean Lucas,France,1955,0,1,1,0,0,0,0,0
483,Jean Lucienbonnet,France,1959,0,1,0,0,0,0,0,0
484,Erik Lundgren,Sweden,1951,0,1,0,0,0,0,0,0
485,Brett Lunger,United States,1975–1978,0,43,34,0,0,0,0,0
486,Mike MacDowel,United Kingdom,1957,0,1,1,0,0,0,0,0
487,Herbert MacKay-Fraser,United States,1957,0,1,1,0,0,0,0,0
488,Bill Mackey,United States,1951,0,1[b],1,0,0,0,0,0
489,Lance Macklin,United Kingdom,1952–1955,0,15,13,0,0,0,0,0
490,Damien Magee,United Kingdom,1975–1976,0,2,1,0,0,0,0,0
491,Tony Maggs,South Africa,1961–1965,0,27,25,0,0,3,0,26
492,Mike Magill,United States,1957–1959,0,4[b],3,0,0,0,0,0
493,Umberto Maglioli,Italy,1953–1957,0,10,9,0,0,2[y],0,3.33
494,Jan Magnussen,Denmark,"1995, 1997–1998",0,25,24,0,0,0,0,1
495,Kevin Magnussen,Denmark,"2014–2020, 2022–2024",0,187,185,1,0,1,3,202
496,Guy Mairesse,France,1950–1951,0,3,3,0,0,0,0,0
497,Willy Mairesse,Belgium,"1960–1963, 1965",0,13,12,0,0,1,0,7
498,Pastor Maldonado,Venezuela,2011–2015,0,96,95,1,1,1,0,76
499,Nigel Mansell^,United Kingdom,"1980–1992, 1994–1995","1
1992",191,187,32,31,59,30,480 (482)
500,Sergio Mantovani,Italy,1953–1955,0,8,7,0,0,0,0,4
501,Johnny Mantz,United States,1953,0,1[b],0,0,0,0,0,0
502,Robert Manzon,France,1950–1956,0,29,28,0,0,2,0,16
503,Onofre Marimón,Argentina,"1951, 1953–1954",0,12,11,0,0,2,1,8.14[d]
504,Helmut Marko,Austria,1971–1972,0,10,9,0,0,0,0,0
505,Tarso Marques,Brazil,"1996–1997, 2001",0,26,24,0,0,0,0,0
506,Leslie Marr,United Kingdom,1954–1955,0,2,2,0,0,0,0,0
507,Tony Marsh,United Kingdom,"1957–1958, 1961",0,5,4,0,0,0,0,0
508,Eugène Martin,France,1950,0,2,2,0,0,0,0,0
509,Pierluigi Martini,Italy,"1984–1985, 1988–1995",0,124,118,0,0,0,0,18
510,Jochen Mass,West Germany,"1973–1980, 1982",0,114,105,0,1,8,2,71
511,Felipe Massa,Brazil,"2002, 2004–2017",0,272,269,16,11,41,15,1167
512,Cristiano da Matta,Brazil,2003–2004,0,28,28,0,0,0,0,13
513,Michael May,Switzerland,1961,0,3,2,0,0,0,0,0
514,Timmy Mayer,United States,1962,0,1,1,0,0,0,0,0
515,Nikita Mazepin,RAF[z],2021,0,22,21,0,0,0,0,0
516,François Mazet,France,1971,0,1,1,0,0,0,0,0
517,Gastón Mazzacane,Argentina,2000–2001,0,21,21,0,0,0,0,0
518,Kenneth McAlpine,United Kingdom,"1952–1953, 1955",0,7,7,0,0,0,0,0
519,Perry McCarthy,United Kingdom,1992,0,11,0,0,0,0,0,0
520,Ernie McCoy,United States,1953–1954,0,3[b],2,0,0,0,0,0
521,Johnny McDowell,United States,1950–1952,0,3[b],3,0,0,0,0,0
522,Jack McGrath,United States,1950–1955,0,6[b],6,1,0,2[aa],1,9
523,Brian McGuire,Australia,1977,0,2,0,0,0,0,0,0
524,Bruce McLaren,New Zealand,1958–1970,0,104,100,0,4,27,3,188.5 (196.5)
525,Allan McNish,United Kingdom,2002,0,17,16,0,0,0,0,0
526,Graham McRae,New Zealand,1973,0,1,1,0,0,0,0,0
527,Jim McWithey,United States,1959–1960,0,5[b],2,0,0,0,0,0
528,Carlos Menditeguy,Argentina,"1953–1958, 1960",0,11,10,0,0,1,0,9
529,Roberto Merhi,Spain,2015,0,14,13,0,0,0,0,0
530,Harry Merkel,West Germany,1952,0,1,0,0,0,0,0,0
531,Arturo Merzario,Italy,1972–1979,0,85,57,0,0,0,0,11
532,Roberto Mieres,Argentina,1953–1955,0,17,17,0,0,0,1,13
533,François Migault,France,"1972, 1974–1975",0,16,13,0,0,0,0,0
534,John Miles,United Kingdom,1969–1970,0,15,12,0,0,0,0,2
535,André Milhoux,Belgium,1956,0,1,1,0,0,0,0,0
536,Chet Miller,United States,1951–1952,0,4[b],2,0,0,0,0,0
537,Gerhard Mitter,West Germany,1963–1965,0,7,5,0,0,0,0,3
538,Stefano Modena,Italy,1987–1992,0,81,70,0,0,2,0,17
539,Thomas Monarch,United States,1963,0,1,0,0,0,0,0,0
540,Franck Montagny,France,2006,0,7,7,0,0,0,0,0
541,Tiago Monteiro,Portugal,2005–2006,0,37,37,0,0,1,0,7
542,Andrea Montermini,Italy,1994–1996,0,29,19,0,0,0,0,0
543,Peter Monteverdi,Switzerland,1961,0,1,0,0,0,0,0,0
544,Robin Montgomerie-Charrington,United Kingdom,1952,0,1,1,0,0,0,0,0
545,Juan Pablo Montoya,Colombia,2001–2006,0,95,94,13,7,30,12,307
546,Gianni Morbidelli,Italy,"1990–1992, 1994–1995, 1997",0,70,67,0,0,1,0,8.5
547,Roberto Moreno,Brazil,"1982, 1987, 1989–1992, 1995",0,77,41,0,0,1,1,15
548,Dave Morgan,United Kingdom,1975,0,1,1,0,0,0,0,0
549,Silvio Moser,Switzerland,1967–1971,0,20,12,0,0,0,0,3
550,Bill Moss,United Kingdom,1959,0,1,0,0,0,0,0,0
551,Stirling Moss,United Kingdom,1951–1961,0,67,66,16,16[ab],24[ac],19,185.64 (186.64)[d]
552,Gino Munaron,Italy,1960,0,4,4,0,0,0,0,0
553,David Murray,United Kingdom,1950–1952,0,5,4,0,0,0,0,0
554,Luigi Musso,Italy,1953–1958,0,25,24,0,1[ad],7,1,44
555,Kazuki Nakajima,Japan,2007–2009,0,36,36,0,0,0,0,9
556,Satoru Nakajima,Japan,1987–1991,0,80,74,0,0,0,1,16
557,Shinji Nakano,Japan,1997–1998,0,33,33,0,0,0,0,2
558,Duke Nalon,United States,1951–1953,0,5[b],3,1,0,0,0,0
559,Alessandro Nannini,Italy,1986–1990,0,78,76,0,1,9,2,65
560,Emanuele Naspetti,Italy,1992–1993,0,6,6,0,0,0,0,0
561,Felipe Nasr,Brazil,2015–2016,0,40,39,0,0,0,0,29
562,Massimo Natili,Italy,1961,0,2,1,0,0,0,0,0
563,Brian Naylor,United Kingdom,1957–1961,0,8,7,0,0,0,0,0
564,Mike Nazaruk,United States,"1951, 1953–1954",0,4[b],3,0,0,1,0,8
565,Tiff Needell,United Kingdom,1980,0,2,1,0,0,0,0,0
566,Jac Nellemann,Denmark,1976,0,1,0,0,0,0,0,0
567,Patrick Nève,Belgium,1976–1978,0,14,10,0,0,0,0,0
568,John Nicholson,New Zealand,1974–1975,0,2,1,0,0,0,0,0
569,Cal Niday,United States,1953–1955,0,3[b],3,0,0,0,0,0
570,Helmut Niedermayr,West Germany,1952,0,1,1,0,0,0,0,0
571,Brausch Niemann,South Africa,"1963, 1965",0,2,1,0,0,0,0,0
572,Gunnar Nilsson,Sweden,1976–1977,0,32,31,0,1,4,1,31
573,Hideki Noda,Japan,1994,0,3,3,0,0,0,0,0
574,Lando Norris~,United Kingdom,2019–2026,"1
2025",164,163,18,13,48,20,1589
575,Rodney Nuckey,United Kingdom,1953,0,2,1,0,0,0,0,0
576,Robert O'Brien,United States,1952,0,1,1,0,0,0,0,0
577,Pat O'Connor,United States,1954–1958,0,6[b],5,1,0,0,0,0
578,Esteban Ocon*,France,"2016–2018, 2020–2026",0,192,192,0,1,4,1,486
579,Casimiro de Oliveira,Portugal,1958,0,1,0,0,0,0,0,0
580,Jackie Oliver,United Kingdom,"1968–1973, 1977",0,52,50,0,0,2,1,13
581,Danny Ongais,United States,1977–1978,0,6,4,0,0,0,0,0
582,Rikky von Opel,Liechtenstein,1973–1974,0,14,10,0,0,0,0,0
583,Karl Oppitzhauser,Austria,1976,0,1[ae],0,0,0,0,0,0
584,Arthur Owen,United Kingdom,1960,0,1,1,0,0,0,0,0
585,Carlos Pace,Brazil,1972–1977,0,73,72,1,1,6,5,58
586,Nello Pagani,Italy,1950,0,1,1,0,0,0,0,0
587,Riccardo Paletti,Italy,1982,0,8,2,0,0,0,0,0
588,Torsten Palm,Sweden,1975,0,2,1,0,0,0,0,0
589,Jolyon Palmer,United Kingdom,2016–2017,0,37,35,0,0,0,0,9
590,Jonathan Palmer,United Kingdom,1983–1989,0,88,83,0,0,0,1,14
591,Olivier Panis,France,"1994–1999, 2001–2004",0,158,157,0,1,5,0,76
592,Giorgio Pantano,Italy,2004,0,15,14,0,0,0,0,0
593,Massimiliano Papis,Italy,1995,0,7,7,0,0,0,0,0
594,Mike Parkes,United Kingdom,"1959, 1966–1967",0,7,6,1,0,2,0,14
595,Reg Parnell,United Kingdom,"1950–1952, 1954",0,7,6,0,0,1,0,9
596,Tim Parnell,United Kingdom,"1959, 1961, 1963",0,4,2,0,0,0,0,0
597,Johnnie Parsons,United States,1950–1958,0,9[b],9,0,1,1,1,12
598,Riccardo Patrese,Italy,1977–1993,0,257,256,8,6,37,13,281
599,Al Pease,Canada,1967–1969,0,3,2,0,0,0,0,0
600,Roger Penske,United States,1961–1962,0,2,2,0,0,0,0,0
601,Cesare Perdisa,Italy,1955–1957,0,8,7,0,0,2[af],0,5
602,Luis Pérez-Sala,Spain,1988–1989,0,32,26,0,0,0,0,1
603,Sergio Pérez*,Mexico,"2011–2024, 2026",0,297,293,3,6,39,12,1638
604,Larry Perkins,Australia,"1974, 1976–1977",0,15,11,0,0,0,0,0
605,Xavier Perrot,Switzerland,1969,0,1,1,0,0,0,0,0
606,Henri Pescarolo,France,"1968, 1970–1974, 1976",0,64,57,0,0,1,1,12
607,Alessandro Pesenti-Rossi,Italy,1976,0,4,3,0,0,0,0,0
608,Josef Peters,West Germany,1952,0,1,1,0,0,0,0,0
609,Ronnie Peterson,Sweden,1970–1978,0,123,123,14,10,26,9,206
610,Vitaly Petrov,Russia,2010–2012,0,58,57,0,0,1,1,64
611,Alfredo Pián,Argentina,1950,0,1,0,0,0,0,0,0
612,Oscar Piastri*,Australia,2023–2026,0,82,80,6,9,28,9,903
613,Charles Pic,France,2012–2013,0,39,39,0,0,0,0,0
614,François Picard,France,1958,0,1,1,0,0,0,0,0
615,Ernie Pieterse,South Africa,"1962–1963, 1965",0,3,2,0,0,0,0,0
616,Paul Pietsch,West Germany,1950–1952,0,3,3,0,0,0,0,0
617,André Pilette,Belgium,"1951, 1953–1954, 1956, 1961, 1963–1964",0,14,8,0,0,0,0,2
618,Teddy Pilette,Belgium,"1974, 1977",0,4,1,0,0,0,0,0
619,Luigi Piotti,Italy,1955–1958,0,8,5,0,0,0,0,0
620,David Piper,United Kingdom,1959–1960,0,3,2,0,0,0,0,0
621,Nelson Piquet Jr.,Brazil,2008–2009,0,28,28,0,0,1,0,19
622,Nelson Piquet^,Brazil,1978–1991,"3
1981, 1983, 1987",207,204,24,23,60,23,481.5 (485.5)
623,Renato Pirocchi,Italy,1961,0,1,1,0,0,0,0,0
624,Didier Pironi,France,1978–1982,0,72,70,4,3,13,5,101
625,Emanuele Pirro,Italy,1989–1991,0,40,37,0,0,0,0,3
626,Antônio Pizzonia,Brazil,2003–2005,0,20,20,0,0,0,0,8
627,Eric van de Poele,Belgium,1991–1992,0,29,5,0,0,0,0,0
628,Jacques Pollet,France,1954–1955,0,5,5,0,0,0,0,0
629,Ben Pon,Netherlands,1962,0,1,1,0,0,0,0,0
630,Dennis Poore,United Kingdom,1952,0,2,2,0,0,0,0,3
631,Alfonso de Portago,Spain,1956–1957,0,5,5,0,0,1,0,4
632,Sam Posey,United States,1971–1972,0,2,2,0,0,0,0,0
633,Charles Pozzi,France,1950,0,1,1,0,0,0,0,0
634,Jackie Pretorius,South Africa,"1965, 1968, 1971, 1973",0,4,3,0,0,0,0,0
635,Ernesto Prinoth,Italy,1962,0,1,0,0,0,0,0,0
636,David Prophet,United Kingdom,"1963, 1965",0,2,2,0,0,0,0,0
637,Alain Prost^,France,"1980–1991, 1993","4
1985–1986, 1989, 1993",202,199,33,51,106,41,768.5 (798.5)
638,Tom Pryce,United Kingdom,1974–1977,0,42,42,1,0,2,0,19
639,David Purley,United Kingdom,"1973–1974, 1977",0,11,7,0,0,0,0,0
640,Clive Puzey,Rhodesia,1965,0,1,0,0,0,0,0,0
641,Dieter Quester,Austria,"1969, 1974",0,2,1,0,0,0,0,0
642,Ian Raby,United Kingdom,1963–1965,0,7,3,0,0,0,0,0
643,Bobby Rahal,United States,1978,0,2,2,0,0,0,0,0
644,Kimi Räikkönen^,Finland,"2001–2009, 2012–2021","1
2007",353,349,18,21,103,46,1873
645,Hermano da Silva Ramos,Brazil,1955–1956,0,7,7,0,0,0,0,2
646,Pierre-Henri Raphanel,France,1988–1989,0,17,1,0,0,0,0,0
647,Dick Rathmann,United States,"1950, 1956, 1958–1960",0,6[b],5,1,0,0,0,2
648,Jim Rathmann,United States,"1950, 1952–1960",0,10[b],10,0,1,4,2,29
649,Roland Ratzenberger,Austria,1994,0,3,1,0,0,0,0,0
650,Brian Raubenheimer,South Africa,1965,0,1[citation needed],0,0,0,0,0,0
651,Héctor Rebaque,Mexico,1977–1981,0,58,41,0,0,0,0,13
652,Brian Redman,United Kingdom,"1968, 1970–1974",0,15,12,0,0,1,0,8
653,Jimmy Reece,United States,"1952, 1954–1958",0,6[b],6,0,0,0,0,0
654,Ray Reed,Rhodesia,1965,0,1,0,0,0,0,0,0
655,Alan Rees,United Kingdom,1967,0,3,3,0,0,0,0,0
656,Clay Regazzoni,Switzerland,1970–1980,0,139,132,5,5,28,15,209 (212)
657,Paul di Resta,United Kingdom,"2011–2013, 2017",0,59,59,0,0,0,0,121
658,Carlos Reutemann,Argentina,1972–1982,0,146,146,6,12,45,6,298 (310)
659,Lance Reventlow,United States,1960,0,4,1,0,0,0,0,0
660,Peter Revson,United States,"1964, 1971–1974",0,32,30,1,2,8,0,61
661,John Rhodes,United Kingdom,1965,0,1,1,0,0,0,0,0
662,Alex Ribeiro,Brazil,"1976–1977, 1979",0,20,10,0,0,0,0,0
663,Daniel Ricciardo,Australia,2011–2024,0,258,257,3,8,32,17,1329
664,Ken Richardson,United Kingdom,1951,0,1[ag],0,0,0,0,0,0
665,Fritz Riess,West Germany,1952,0,1,1,0,0,0,0,0
666,Jim Rigsby,United States,1952,0,2[b],1,0,0,0,0,0
667,Jochen Rindt^,Austria,1964–1970,"1
1970",62,60,10,6,13,3,107 (109)
668,John Riseley-Prichard,United Kingdom,1954,0,1,1,0,0,0,0,0
669,Giovanni de Riu,Italy,1954,0,1,0,0,0,0,0,0
670,Richard Robarts,United Kingdom,1974,0,4,3,0,0,0,0,0
671,Alberto Rodríguez Larreta,Argentina,1960,0,1,1,0,0,0,0,0
672,Pedro Rodríguez,Mexico,1963–1971,0,56,55,0,2,7,1,71
673,Ricardo Rodríguez,Mexico,1961–1962,0,6,5,0,0,0,0,4
674,Franco Rol,Italy,1950–1952,0,5,5,0,0,0,0,0
675,Alan Rollinson,United Kingdom,1965,0,1,0,0,0,0,0,0
676,Tony Rolt,United Kingdom,"1950, 1953, 1955",0,3,2,0,0,0,0,0
677,Bertil Roos,Sweden,1974,0,1,1,0,0,0,0,0
678,Basil van Rooyen,South Africa,1968–1969,0,2,2,0,0,0,0,0
679,Pedro de la Rosa,Spain,"1999–2002, 2005–2006, 2010–2012",0,107,104,0,0,1,1,35
680,Keke Rosberg^,Finland,1978–1986,"1
1982",128,114,5,5,17,3,159.5
681,Nico Rosberg^,Germany,2006–2016,"1
2016",206,206,30,23,57,20,1594.5
682,Mauri Rose,United States,1950–1951,0,2[b],2,0,0,1,0,4
683,Louis Rosier,France,1950–1956,0,38,38,0,0,2,0,18
684,Ricardo Rosset,Brazil,1996–1998,0,33,26,0,0,0,0,0
685,Alexander Rossi,United States,2015,0,7,5,0,0,0,0,0
686,Huub Rothengatter,Netherlands,1984–1986,0,30,25,0,0,0,0,0
687,Lloyd Ruby,United States,1960–1961,0,2,2,0,0,0,0,0
688,Jean-Claude Rudaz,Switzerland,1964,0,1,0,0,0,0,0,0
689,George Russell*,United Kingdom,2019–2026,0,164,164,11,7,30,11,1216
690,Eddie Russo,United States,"1955–1957, 1960",0,7[b],4,0,0,0,0,0
691,Paul Russo,United States,1950–1960,0,11[b],8,0,0,1[ah],1,8.5
692,Troy Ruttman,United States,"1950–1958, 1960",0,12,8,0,1,1,0,9.5
693,Peter Ryan,Canada,1961,0,1,1,0,0,0,0,0
694,Eddie Sachs,United States,1957–1960,0,7[b],4,1,0,0,0,0
695,Bob Said,United States,1959,0,1,1,0,0,0,0,0
696,Carlos Sainz Jr.*,Spain,2015–2026,0,245,241,6,4,29,4,1342.5
697,Eliseo Salazar,Chile,1981–1983,0,37,24,0,0,0,0,3
698,Mika Salo,Finland,"1994–2000, 2002",0,111,109,0,0,2,0,33
699,Roy Salvadori,United Kingdom,1952–1962,0,50,47,0,0,2,0,19
700,Consalvo Sanesi,Italy,1950–1951,0,5,5,0,0,0,0,3
701,Logan Sargeant,United States,2023–2024,0,37,36,0,0,0,0,1
702,Stéphane Sarrazin,France,1999,0,1,1,0,0,0,0,0
703,Takuma Sato,Japan,2002–2008,0,92,90,0,0,1,0,44
704,Carl Scarborough,United States,"1951, 1953",0,2[b],2,0,0,0,0,0
705,Ludovico Scarfiotti,Italy,1963–1968,0,12,10,0,1,1,1,17
706,Giorgio Scarlatti,Italy,1956–1961,0,15,12,0,0,0,0,1
707,Ian Scheckter,South Africa,1974–1977,0,20,18,0,0,0,0,0
708,Jody Scheckter^,South Africa,1972–1980,"1
1979",113,112,3,10,33,5,246 (255)
709,Harry Schell,United States,1950–1960,0,57,55,0,0,2,0,32
710,Tim Schenken,Australia,1970–1974,0,36,34,0,0,1,0,7
711,Albert Scherrer,Switzerland,1953,0,1,1,0,0,0,0,0
712,Domenico Schiattarella,Italy,1994–1995,0,7,6,0,0,0,0,0
713,Heinz Schiller,Switzerland,1962,0,1,1,0,0,0,0,0
714,Bill Schindler,United States,1950–1952,0,3[b],3,0,0,0,0,0
715,Jean-Louis Schlesser,France,"1983, 1988",0,2,1,0,0,0,0,0
716,Jo Schlesser,France,1968,0,3,3,0,0,0,0,0
717,Bernd Schneider,West Germany,1988–1990,0,34,9,0,0,0,0,0
718,Rudolf Schoeller,Switzerland,1952,0,1,1,0,0,0,0,0
719,Rob Schroeder,United States,1962,0,1,1,0,0,0,0,0
720,Michael Schumacher^,Germany,"1991–2006, 2010–2012","7
1994–1995, 2000–2004",308,306,68,91,155,77,1566[ai]
721,Mick Schumacher,Germany,2021–2022,0,44,43,0,0,0,0,12
722,Ralf Schumacher,Germany,1997–2007,0,181,180,6,6,27,8,329
723,Vern Schuppan,Australia,"1972, 1974–1975, 1977",0,13,9,0,0,0,0,0
724,Adolfo Schwelm Cruz,Argentina,1953,0,1,1,0,0,0,0,0
725,Archie Scott Brown,United Kingdom,1956,0,1,1,0,0,0,0,0
726,Bob Scott,United States,1952–1954,0,3[b],3,0,0,0,0,0
727,Piero Scotti,Italy,1956,0,1,1,0,0,0,0,0
728,Wolfgang Seidel,West Germany,"1953, 1958, 1960–1962",0,12,10,0,0,0,0,0
729,Günther Seiffert,West Germany,1962,0,1,0,0,0,0,0,0
730,Ayrton Senna^,Brazil,1984–1994,"3
1988, 1990–1991",162,161,65,41,80,19,610 (614)
731,Bruno Senna,Brazil,2010–2012,0,46,46,0,0,0,1,33
732,Dorino Serafini,Italy,1950,0,1,1,0,0,1[aj],0,3
733,Chico Serra,Brazil,1981–1983,0,33,18,0,0,0,0,1
734,Doug Serrurier,South Africa,"1962–1963, 1965",0,3,2,0,0,0,0,0
735,Johnny Servoz-Gavin,France,1967–1970,0,13,12,0,0,1,0,9
736,Tony Settember,United States,1962–1963,0,7,6,0,0,0,0,0
737,Hap Sharp,United States,1961–1964,0,6,6,0,0,0,0,0
738,Brian Shawe-Taylor,United Kingdom,1950–1951,0,3,1,0,0,0,0,0
739,Carroll Shelby,United States,1958–1959,0,8,8,0,0,0,0,0
740,Tony Shelly,New Zealand,1962,0,3,1,0,0,0,0,0
741,Jo Siffert,Switzerland,1962–1971,0,100,96,2,2,6,4,68
742,André Simon,France,"1951–1952, 1955–1957",0,12,11,0,0,0,0,0
743,Sergey Sirotkin,Russia,2018,0,21,21,0,0,0,0,1
744,Rob Slotemaker,Netherlands,1962,0,1,0,0,0,0,0,0
745,Moisés Solana,Mexico,1963–1968,0,8,8,0,0,0,0,0
746,Alex Soler-Roig,Spain,1970–1972,0,10,6,0,0,0,0,0
747,Raymond Sommer,France,1950,0,5,5,0,0,0,0,3
748,Vincenzo Sospiri,Italy,1997,0,1,0,0,0,0,0,0
749,Stephen South,United Kingdom,1980,0,1,0,0,0,0,0,0
750,Mike Sparken,France,1955,0,1,1,0,0,0,0,0
751,Scott Speed,United States,2006–2007,0,28,28,0,0,0,0,0
752,Mike Spence,United Kingdom,1963–1968,0,37,36,0,0,1,0,27
753,Alan Stacey,United Kingdom,1958–1960,0,7,7,0,0,0,0,0
754,Gaetano Starrabba,Italy,1961,0,1,1,0,0,0,0,0
755,Will Stevens,United Kingdom,2014–2015,0,20,18,0,0,0,0,0
756,Chuck Stevenson,United States,"1951–1954, 1960",0,5[b],5,0,0,0,0,0
757,Ian Stewart,United Kingdom,1953,0,1,1,0,0,0,0,0
758,Jackie Stewart^,United Kingdom,1965–1973,"3
1969, 1971, 1973",100,99,17,27,43,15,359 (360)
759,Jimmy Stewart,United Kingdom,1953,0,1,1,0,0,0,0,0
760,Siegfried Stohr,Italy,1981,0,13,9,0,0,0,0,0
761,Rolf Stommelen,West Germany,"1970–1976, 1978",0,63,54,0,0,1,0,14
762,Philippe Streiff,France,1984–1988,0,55,54,0,0,1,0,11
763,Lance Stroll*,Canada,2017–2026,0,205,201,1,0,3,0,325
764,Hans Stuck,West Germany,1951–1953,0,5,3,0,0,0,0,0
765,Hans-Joachim Stuck,West Germany,1974–1979,0,81,74,0,0,2,0,29
766,Otto Stuppacher,Austria,1976,0,3,0,0,0,0,0,0
767,Danny Sullivan,United States,1983,0,15,15,0,0,0,0,2
768,Marc Surer,Switzerland,1979–1986,0,88,82,0,0,0,1,17
769,John Surtees^,United Kingdom,1960–1972,"1
1964",113,111,8,6,24,10,180
770,Andy Sutcliffe,United Kingdom,1977,0,1,0,0,0,0,0,0
771,Adrian Sutil,Germany,"2007–2011, 2013–2014",0,128,128,0,0,0,1,124
772,Len Sutton,United States,1958–1960,0,4[b],3,0,0,0,0,0
773,Aguri Suzuki,Japan,1988–1995,0,88,65,0,0,1,0,8
774,Toshio Suzuki,Japan,1993,0,2,2,0,0,0,0,0
775,Jacques Swaters,Belgium,"1951, 1953–1954",0,8,7,0,0,0,0,0
776,Bob Sweikert,United States,1952–1956,0,7[b],5,0,1,1,0,8
777,Toranosuke Takagi,Japan,1998–1999,0,32,32,0,0,0,0,0
778,Noritake Takahara,Japan,1976–1977,0,2,2,0,0,0,0,0
779,Kunimitsu Takahashi,Japan,1977,0,1,1,0,0,0,0,0
780,Patrick Tambay,France,"1977–1979, 1981–1986",0,123,114,5,2,11,2,103
781,Luigi Taramazzo,Italy,1958,0,1,0,0,0,0,0,0
782,Gabriele Tarquini,Italy,"1987–1992, 1995",0,79,38,0,0,0,0,1
783,Piero Taruffi,Italy,"1950–1952, 1954–1956",0,19,18,0,1,5,1,41
784,Dennis Taylor,United Kingdom,1959,0,1,0,0,0,0,0,0
785,Henry Taylor,United Kingdom,1959–1961,0,11,8,0,0,0,0,3
786,John Taylor,United Kingdom,"1964, 1966",0,5,5,0,0,0,0,1
787,Mike Taylor,United Kingdom,1959–1960,0,2,1,0,0,0,0,0
788,Trevor Taylor,United Kingdom,"1959, 1961–1964, 1966",0,29,27,0,0,1,0,8
789,Marshall Teague,United States,"1953–1954, 1957",0,5[b],3,0,0,0,0,0
790,Shorty Templeman,United States,"1955, 1958, 1960",0,5[b],3,0,0,0,0,0
791,Max de Terra,Switzerland,1952–1953,0,2,2,0,0,0,0,0
792,André Testut,Monaco,1958–1959,0,2,0,0,0,0,0,0
793,Mike Thackwell,New Zealand,"1980, 1984",0,5,2,0,0,0,0,0
794,Alfonso Thiele,United States,1960,0,1,1,0,0,0,0,0
795,Eric Thompson,United Kingdom,1952,0,1,1,0,0,0,0,2
796,Johnny Thomson,United States,1953–1960,0,8[b],8,1,0,1,1,10
797,Leslie Thorne,United Kingdom,1954,0,1,1,0,0,0,0,0
798,Bud Tingelstad,United States,1960,0,1[b],1,0,0,0,0,0
799,Sam Tingle,Rhodesia,"1963, 1965, 1967–1969",0,5,5,0,0,0,0,0
800,Desmond Titterington,United Kingdom,1956,0,1,1,0,0,0,0,0
801,Johnnie Tolan,United States,1956–1958,0,7[b],3,0,0,0,0,0
802,Alejandro de Tomaso,Argentina[50],"1957, 1959",0,2,2,0,0,0,0,0
803,Charles de Tornaco,Belgium,1952–1953,0,4,2,0,0,0,0,0
804,Tony Trimmer,United Kingdom,1975–1978,0,6,0,0,0,0,0,0
805,Maurice Trintignant,France,1950–1964,0,84,81,0,2,10[ak],1,72.33
806,Wolfgang von Trips,West Germany,1956–1961,0,29,27,1,2,6,0,56
807,Jarno Trulli,Italy,1997–2011,0,256,252,4,1,11,1,246.5
808,Yuki Tsunoda*,Japan,2021–2026,0,115,112,0,0,0,1,124
809,Esteban Tuero,Argentina,1998,0,16,16,0,0,0,0,0
810,Guy Tunmer,South Africa,1975,0,1,1,0,0,0,0,0
811,Jack Turner,United States,1956–1959,0,5[b],4,0,0,0,0,0
812,Toni Ulmen,West Germany,1952,0,2,2,0,0,0,0,0
813,Jerry Unser Jr.,United States,1958,0,1[b],1,0,0,0,0,0
814,Bobby Unser,United States,1968,0,2,1,0,0,0,0,0
815,Alberto Uría,Uruguay,1955–1956,0,2,2,0,0,0,0,0
816,Nino Vaccarella,Italy,"1961–1962, 1965",0,5,4,0,0,0,0,0
817,Stoffel Vandoorne,Belgium,2016–2018,0,42,41,0,0,0,0,26
818,Bob Veith,United States,1956–1960,0,5[b],5,0,0,0,0,0
819,Jean-Éric Vergne,France,2012–2014,0,58,58,0,0,0,0,51
820,Jos Verstappen,Netherlands,"1994–1998, 2000–2001, 2003",0,107,106,0,0,2,0,17
821,Max Verstappen~,Netherlands,2015–2026,"4
2021–2024",245,245,48,71,131,37,3556.5
822,Sebastian Vettel^,Germany,2007–2022,"4
2010–2013",300,299,57,53,122,38,3098
823,Gilles Villeneuve,Canada,1977–1982,0,68,67,2,6,13,8,101 (107)
824,Jacques Villeneuve Sr.,Canada,"1981, 1983",0,3,0,0,0,0,0,0
825,Jacques Villeneuve^,Canada,1996–2006,"1
1997",165,163,13,11,23,9,235
826,Luigi Villoresi,Italy,1950–1956,0,34,31,0,0,8,1,46 (49)
827,Emilio de Villota,Spain,"1976–1978, 1981–1982",0,15,2,0,0,0,0,0
828,Ottorino Volonterio,Switzerland,"1954, 1956–1957",0,3,1,0,0,0,0,0
829,Jo Vonlanthen,Switzerland,1975,0,1,1,0,0,0,0,0
830,Ernie de Vos,Canada,1963,0,1,0,0,0,0,0,0
831,Nyck de Vries,Netherlands,2022–2023,0,11,11,0,0,0,0,2
832,Bill Vukovich,United States,1951–1955,0,6[b],5,1,2,2,3,19
833,Syd van der Vyver,South Africa,1962,0,1,0,0,0,0,0,0
834,David Walker,Australia,1971–1972,0,11,11,0,0,0,0,0
835,Peter Walker,United Kingdom,"1950–1951, 1955",0,4,3,0,0,0,0,0
836,Lee Wallard,United States,1950–1951,0,3[b],2,0,1,1,1,9
837,Heini Walter,Switzerland,1962,0,1,1,0,0,0,0,0
838,Rodger Ward,United States,"1951–1960, 1963",0,12,12,0,1,2,0,14
839,Derek Warwick,United Kingdom,"1981–1990, 1993",0,162,147,0,0,4,2,71
840,John Watson,United Kingdom,"1973–1983, 1985",0,154,152,2,5,20,5,169
841,Spider Webb,United States,"1950, 1952–1954",0,5[b],4,0,0,0,0,0
842,Mark Webber,Australia,2002–2013,0,217,215,13,9,42,19,1047.5
843,Pascal Wehrlein,Germany,2016–2017,0,40,39,0,0,0,0,6
844,Volker Weidler,West Germany,1989,0,10,0,0,0,0,0,0
845,Wayne Weiler,United States,1960,0,1[b],1,0,0,0,0,0
846,Karl Wendlinger,Austria,1991–1995,0,42,41,0,0,0,0,14
847,Peter Westbury,United Kingdom,1970,0,2,1,0,0,0,0,0
848,Chuck Weyant,United States,"1955, 1957–1959",0,6[b],4,0,0,0,0,0
849,Ken Wharton,United Kingdom,1952–1955,0,16,15,0,0,0,0,3
850,Ted Whiteaway,United Kingdom,1955,0,1,0,0,0,0,0,0
851,Graham Whitehead,United Kingdom,1952,0,1,1,0,0,0,0,0
852,Peter Whitehead,United Kingdom,1950–1954,0,12,10,0,0,1,0,4
853,Bill Whitehouse,United Kingdom,1954,0,1,1,0,0,0,0,0
854,Robin Widdows,United Kingdom,1968,0,1,1,0,0,0,0,0
855,Eppie Wietzes,Canada,"1967, 1974",0,2,2,0,0,0,0,0
856,Mike Wilds,United Kingdom,1974–1976,0,8,3,0,0,0,0,0
857,Jonathan Williams,United Kingdom,1967,0,1,1,0,0,0,0,0
858,Roger Williamson,United Kingdom,1973,0,2,2,0,0,0,0,0
859,Dempsey Wilson,United States,"1958, 1960",0,5[b],2,0,0,0,0,0
860,Desiré Wilson,South Africa,1980,0,1,0,0,0,0,0,0
861,Justin Wilson,United Kingdom,2003,0,16,16,0,0,0,0,1
862,Vic Wilson,United Kingdom,"1960, 1966",0,2,1,0,0,0,0,0
863,Joachim Winkelhock,West Germany,1989,0,7,0,0,0,0,0,0
864,Manfred Winkelhock,West Germany,"1980, 1982–1985",0,56,47,0,0,0,0,2
865,Markus Winkelhock,Germany,2007,0,1,1,0,0,0,0,0
866,Reine Wisell,Sweden,1970–1974,0,23,22,0,0,1,0,13
867,Roelof Wunderink,Netherlands,1975,0,6,3,0,0,0,0,0
868,Alexander Wurz,Austria,"1997–2000, 2005, 2007",0,69,69,0,0,3,1,45
869,Sakon Yamamoto,Japan,"2006–2007, 2010",0,21,21,0,0,0,0,0
870,Alex Yoong,Malaysia,2001–2002,0,18,14,0,0,0,0,0
871,Alessandro Zanardi,Italy,"1991–1994, 1999",0,44,41,0,0,0,0,1
872,Emilio Zapico,Spain,1976,0,1,0,0,0,0,0,0
873,Zhou Guanyu,China,2022–2024,0,68,68,0,0,0,2,16
874,Ricardo Zonta,Brazil,"1999–2001, 2004–2005",0,37,36,0,0,0,0,3
875,Renzo Zorzi,Italy,1975–1977,0,7,7,0,0,0,0,1
876,Ricardo Zunino,Argentina,1979–1981,0,11,10,0,0,0,0,0
